{"notes_agent": 1772976173.830301, "books_agent": 1771299884.1601408, "video_agent": 1772974985.327591}